,pubmed_id,gene
0,40764463,VAPB
1,40764463,VAPB
2,40764463,VAPB
3,40764463,VAPB
4,40764463,VAPB
5,40764463,ATF4
6,40764463,VAPB
7,40764463,VAPB
8,40764463,VAPB
9,40764463,VAPB
10,40764463,VAPB
11,40764463,ALS8
12,40764463,VAPB
13,40764463,VAPB
14,40764463,VAPB
15,40764463,VAPB
16,40764463,VAPB
17,40764463,VAPB
18,40764463,VAPB
19,40764463,VAPB
20,40764463,protein tyrosine phosphatase interacting protein-51
21,40764463,PTPIP51
22,40764463,VAPB
23,40764463,VAPB
24,40764463,VAPB
25,40764463,VAPB
26,40764463,VAPB
27,40764463,VAPB
28,40764463,VAPB
29,40764463,VAPB
30,40764463,VAPB
31,40764463,VAPB
32,40764463,VAPB
33,40764463,VAPB
34,40764463,eIF2alpha
35,40764463,eIF2alpha
36,40764463,activating transcription factor 4
37,40764463,ATF-4
38,40764463,VAPB
39,40764463,ALS8
40,40764463,VAPB
41,40764463,VAPB
42,40764463,VAPB
43,40764463,VAPB
44,40764463,VAPB
45,40764463,PTPIP51
46,40764463,VAPB
47,40764463,VAPB
48,40764463,VAPB
49,40764463,DELE1
50,40764463,VAPB
51,40764463,VAPB
52,40764463,VAPB
53,40764463,MAM
54,40764463,MAM
55,40764463,VAPB
56,40764463,VAPB
57,40764463,VAPB
58,40764463,VAPB
59,40764463,VAPB
60,40764463,VAPB
61,40764463,VAPB
62,40764463,VAPB
63,40764463,VAPB
64,40764463,VAPB
65,40764463,VAPB
66,40764463,VAPB
67,40764463,VAPB
68,40764463,VAPB
69,40764463,VAPB
70,40764463,VAPB
71,40764463,VAPB
72,40764463,VAPB
73,40764463,VAPB
74,40764463,VAPB
75,40764463,VAPB
76,40764463,VAPB
77,40764463,VAPB
78,40764463,VAPB
79,40764463,VAPB
80,40764463,VAPB
81,40764463,VAPB
82,40764463,VAPB
83,40764463,VAPB
84,40764463,VAPB
85,40764463,VAPB
86,40764463,VAPB
87,40764463,VAPB
88,40764463,VAPB
89,40764463,VAPB
90,40764463,VAPB
91,40764463,VAPB
92,40764463,PTPIP51
93,40764463,beta-actin
94,40764463,VAPB
95,40764463,PTPIP51
96,40764463,VAPB
97,40764463,VAPB
98,40764463,VAPB
99,40764463,VAPB
100,40764463,VAPB
101,40764463,VAPB
102,40764463,VAPB
103,40764463,VAPB
104,40764463,VAPB
105,40764463,VAPB
106,40764463,VAPB
107,40764463,VAPB
108,40764463,VAPB
109,40764463,VAPB
110,40764463,VAPB
111,40764463,VAPB
112,40764463,VAPB
113,40764463,VAPB
114,40764463,VAPB
115,40764463,VAPB
116,40764463,PTPIP51
117,40764463,VAPB
118,40764463,PTPIP51
119,40764463,VAPB
120,40764463,PTPIP51
121,40764463,VAPB
122,40764463,VAPB
123,40764463,VAPB
124,40764463,VAPB
125,40764463,PTPIP51
126,40764463,VAPB
127,40764463,VAPB
128,40764463,VAPB
129,40764463,VAPB
130,40764463,VAPB
131,40764463,VAPB
132,40764463,VAPB
133,40764463,VAPB
134,40764463,VABP
135,40764463,MAM
136,40764463,VAPB
137,40764463,VAPB
138,40764463,VAPB
139,40764463,MAM
140,40764463,MAM
141,40764463,VAPB
142,40764463,MAM
143,40764463,VAPB
144,40764463,VAPB
145,40764463,VAPB
146,40764463,VAPB
147,40764463,VAPB
148,40764463,MAM
149,40764463,VAPB
150,40764463,VAPB
151,40764463,VAPB
152,40764463,MAM
153,40764463,VAPB
154,40764463,VAPB
155,40764463,VAPB
156,40764463,VAPB
157,40764463,VAPB
158,40764463,VAPB
159,40764463,VAPB
160,40764463,VAPB
161,40764463,VAPB
162,40764463,VAPB
163,40764463,VAPB
164,40764463,VAPB
165,40764463,MAM
166,40764463,VAPB
167,40764463,VAPB
168,40764463,ATF-4
169,40764463,ATF-4
170,40764463,DELE1
171,40764463,eIF2alpha
172,40764463,eIF2alpha
173,40764463,eIF2alpha
174,40764463,ATF-4
175,40764463,ATF-4
176,40764463,VAPB
177,40764463,VAPB
178,40764463,ATF-4
179,40764463,VAPB
180,40764463,VAPB
181,40764463,VAPB
182,40764463,VAPB
183,40764463,ATF-4
184,40764463,VAPB
185,40764463,VAPB
186,40764463,VAPB
187,40764463,ATF-4
188,40764463,VAPB
189,40764463,VAPB
190,40764463,DELE1
191,40764463,DELE1
192,40764463,HRI
193,40764463,eIF2alpha
194,40764463,eIF2alpha
195,40764463,ATF-4
196,40764463,MAM
197,40764463,ATF-4
198,40764463,VAPB
199,40764463,DELE1
200,40764463,DELE1
201,40764463,DELE1
202,40764463,DELE1
203,40764463,VAPB
204,40764463,VAPB
205,40764463,DELE1
206,40764463,VAPB
207,40764463,DELE1
208,40764463,VAPB
209,40764463,eIF2alpha
210,40764463,DELE1
211,40764463,VAPB
212,40764463,eIF2alpha
213,40764463,eIF2alpha
214,40764463,VAPB
215,40764463,ATF-4
216,40764463,eIF2alpha
217,40764463,VAPB
218,40764463,eIF2alpha
219,40764463,eIF2alpha
220,40764463,VAPB
221,40764463,VAPB
222,40764463,DELE1
223,40764463,VAPB
224,40764463,VAPB
225,40764463,VAPB
226,40764463,eIF2B
227,40764463,eIF2B
228,40764463,eIF2alpha
229,40764463,ATF-4
230,40764463,VAPB
231,40764463,VAPB
232,40764463,VAPB
233,40764463,VAPB
234,40764463,VAPB
235,40764463,VAPB
236,40764463,VAPB
237,40764463,VAPB
238,40764463,VAPB
239,40764463,VAPB
240,40764463,VAPB
241,40764463,VAPB
242,40764463,VAPB
243,40764463,VAPB
244,40764463,VAPB
245,40764463,VAPB
246,40764463,VAPB
247,40764463,VAPB
248,40764463,VAPB
249,40764463,VAPB
250,40764463,VAPB
251,40764463,MAM
252,40764463,DELE1
253,40764463,VAPB
254,40764463,VAPB
255,40764463,VAPB
256,40764463,ALS8
257,40764463,VAPB
258,40764463,MAM
259,40764463,MAM
260,40764463,SOD1
261,40764463,MAM
262,40764463,VAPB
263,40764463,VAPB
264,40764463,VAPB
265,40764463,VAPB
266,40764463,SOD1
267,40764463,VAPB
268,40764463,eIF2alpha
269,40764463,VAPB
270,40764463,VAPB
271,40764463,PTPIP51
272,40764463,VAPB
273,40764463,PTPIP51
274,40764463,VAPB
275,40764463,VAPB
276,40764463,VAPB
277,40764463,VAPB
278,40764463,VAPB
279,40764463,PTPIP51
280,40764463,alpha-synuclein
281,40764463,VAPB
282,40764463,PTPIP51
283,40764463,DELE1
284,40764463,Nanog
285,40764463,ciliary neurotrophic factor
286,40764463,Olig2
287,40764463,brain-derived neurotrophic factor
288,40764463,SOX2
289,40764463,OCT4
290,40764463,PTPIP51
291,40764463,VAPB
292,40764463,VAPB
293,40764463,VAPB
294,40764463,VAPB
295,40764463,VAPB
296,40764463,VAPB
297,40764463,VAPB
298,40764463,VAPB
299,40764463,VAPB
300,40764463,VAPB
301,40764463,VAPB
302,40764463,VAPB
303,40764463,VAPB
304,40764463,VAPB
305,40764463,VAPB
306,40764463,VAPB
307,40764463,VAPB
308,40764463,VAPB
309,40764463,VAPB
310,40764463,VAPB
311,40764463,VAPB
312,40764463,VAPB
313,40764463,eIF2alpha
314,40764463,eIF2alpha
315,40764463,beta-actin
316,40764463,ATF-4
317,40764463,GFAP
318,40764463,VAPB
319,40764463,VAPB
320,40764463,VAPB
321,40764463,VAPB
322,40764463,VAPB
323,40764463,VAPB
324,40764463,VAPB
325,40764463,VAPB
326,40764463,VAPB
327,40764463,VAPB
328,40764463,VAPB
329,40764463,VAPB
330,40764463,VAPB
331,40764463,VAPB
332,40764463,VAPB
333,40764463,VAPB
334,40764463,VAPB
335,40764463,VAPB
336,40764463,VAPB
337,40764463,VAPB
338,40764463,RPL3
339,40764463,brain-derived neurotrophic factor
340,40764463,BDNF
341,40764463,ciliary neurotrophic factor
342,40764463,CNTF
343,40764463,GDNF
344,40764463,BDNF
345,40764463,CNTF
346,40764463,GDNF
347,40764463,beta-actin
348,40764463,beta-actin
349,40764463,FL1
350,40764463,FL1
351,40764463,FL1
352,40764463,VAPB
353,40764463,VAPB
354,40764463,VAPB
355,40764463,PTPIP51
356,40764463,MAM
357,40764463,MAM
358,40764463,VAPB
359,40764463,VAPB
360,40764463,VAPB
361,40764463,VAPB
362,40764463,Nanog
363,40764463,SOX2
364,40764463,Oct4
365,40764463,VAPB
366,40764463,RPL3
367,40764463,VAPB
368,40764463,Olig2
369,40764463,GFAP
370,40764463,VAPB
371,40764463,VAPB
372,40764463,VAPB
373,40764463,PTPIP51
374,40764463,beta-actin
375,40764463,VAPB
376,40764463,VAPB
377,40764463,VAPB
378,40764463,VAPB
379,40764463,VAPB
380,40764463,VAPB
381,40764463,VAPB
382,40764463,VAPB
383,40764463,VAPB
384,40764463,VAPB
385,40764463,VAPB
386,40764463,VAPB
387,40764463,VAPB
388,40764463,VAPB
389,40764463,VAPB
390,40764463,VAPB
391,40764463,VAPB
392,40764463,VAPB
393,40764463,VAPB
394,40764463,VAPB
395,40764463,VAPB
396,40764463,VAPB
397,40764463,VAPB
398,40764463,VAPB
399,40764463,SOX2
400,40764463,Nanog
401,40764463,OCT4
402,40764463,Olig2
403,40764463,GFAP
404,40764463,VAPB
405,40764463,eIF2alpha
406,40764463,ATF4
407,40764463,eIF2alpha
408,40764463,VAPB
409,40764463,VAPB
410,40764463,VAPB
411,40764463,PTPIP51
412,40764463,VAPB
413,40764463,DELE1
414,40764463,PTPIP51
415,40764463,VAPB
416,40764463,PTPIP51
417,40764463,VAPB
418,40764463,ALS8
419,40764463,DELE1
420,40764463,HRI
421,40764463,VAPB
422,40764463,VAPB
423,40764463,ALS8
424,40764463,ATF4
425,40764463,VAPB
426,40764463,PTPIP51
427,40764463,VAPB
428,40764463,alpha-synuclein
429,40764463,VAPB
430,40764463,ALS8
431,40764463,VAPB
432,40764463,VAPB
433,40764463,HRI
434,40764463,eIF2alpha
435,40764463,PTPIP51
436,40764463,PTPIP51
437,40764463,VAPB
438,40764463,VAPB
439,40764463,VAPB
440,40764463,VAPB
441,40764463,eIF2B
442,40233738,activating transcription factor 3
443,40233738,ATF3
444,40233738,protein kinase R
445,40233738,PKR
446,40233738,ATF4
447,39923316,HNRNPC
448,39923316,WBP4
449,39923316,RBM42
450,39923316,NAB2
451,39923316,PRMT9
452,39923316,NAB2
453,39923316,PRMT9
454,39923316,NAB2
455,39923316,PRMT9
456,39923316,RBP
457,39923316,SF3B2
458,39923316,FMR1
459,39923316,SYNGAP1
460,39923316,PLXNB2
461,39923316,ATRX
462,39923316,TRIP12
463,39923316,AP1S2
464,39923316,AGO1
465,39923316,MECP2
466,39923316,MECP2
467,39923316,ABCD1
468,39923316,MECP2
469,39923316,FMR1
470,39923316,SYNGAP1
471,39923316,TRA2B
472,39923316,HNRNPC
473,39923316,WBP4
474,39923316,RBM42
475,39923316,Nab2
476,39923316,PRMT9
477,39923316,FMR1
478,39923316,SYNGAP1
479,39923316,PLXNB2
480,39923316,ATRX
481,39923316,TRIP12
482,39923316,AP1S2
483,39923316,AGO1
484,39923316,TRA2B
485,39923316,AGO1
486,39923316,PLXNB2
487,39923316,AP1S2
488,39923316,TRIP12
489,39923316,HNRNPC
490,39923316,RBM42
491,39923316,ATRX
492,39923316,FMR1
493,39923316,WBP4
494,39923316,SYNGAP1
495,39216838,alpha1
496,39216838,alpha1
497,38388531,THOC6
498,38388531,THOC6
499,38388531,THOC6
500,38388531,THOC6
501,38388531,Thoc6
502,38388531,THOC6
503,38388531,ALYREF
504,38388531,THOC5
505,38388531,THOC6
506,38388531,THOC6
507,38388531,THOC6
508,38388531,THOC6
509,38388531,THOC6
510,38388531,THOC6
511,38388531,THOC6
512,38388531,THOC6
513,38388531,THOC6
514,38388531,THOC5
515,38388531,THOC7
516,38388531,THOC6
517,38388531,THOC6
518,38388531,THOC1
519,38388531,THOC3
520,38388531,THOC5
521,38388531,THOC7
522,38388531,THOC2
523,38388531,THOC1
524,38388531,THOC5
525,38388531,THOC7
526,38388531,DDX39A
527,38388531,CHTOP
528,38388531,UIF
529,38388531,LUZP4
530,38388531,POLDIP3
531,38388531,ZC3H11A
532,38388531,ERH
533,38388531,ZC3H18
534,38388531,SRRT
535,38388531,NCBP3
536,38388531,ALYREF
537,38388531,ALYREF
538,38388531,THOC6
539,38388531,THOC6
540,38388531,ALYREF
541,38388531,THOC6
542,38388531,THOC6
543,38388531,THOC6
544,38388531,Thoc6
545,38388531,THOC6
546,38388531,THOC6
547,38388531,THOC6
548,38388531,THOC6
549,38388531,THOC6
550,38388531,THOC6
551,38388531,THOC6
552,38388531,FOS
553,38388531,THOC6
554,38388531,THOC6
555,38388531,GAPDH
556,38388531,THOC6
557,38388531,beta-actin
558,38388531,THOC6
559,38388531,THOC6
560,38388531,THOC6
561,38388531,THOC6
562,38388531,THOC6
563,38388531,THOC6
564,38388531,THOC6
565,38388531,THOC6
566,38388531,THOC6
567,38388531,THOC6
568,38388531,THOC6
569,38388531,THOC6
570,38388531,THOC6
571,38388531,THOC6
572,38388531,THOC6
573,38388531,THOC6
574,38388531,FOS
575,38388531,THOC6
576,38388531,FOS
577,38388531,THOC6
578,38388531,THOC6
579,38388531,THOC6
580,38388531,THOC6
581,38388531,THOC6
582,38388531,THOC6
583,38388531,THOC6
584,38388531,THOC6
585,38388531,THOC6
586,38388531,THOC6
587,38388531,THOC6
588,38388531,THOC6
589,38388531,THOC6
590,38388531,THOC6
591,38388531,THOC6
592,38388531,THOC6
593,38388531,THOC6
594,38388531,THOC6
595,38388531,THOC6
596,38388531,THOC6
597,38388531,THOC6
598,38388531,THOC6
599,38388531,THOC6
600,38388531,ALYREF
601,38388531,THOC5
602,38388531,THOC6
603,38388531,ALYREF
604,38388531,CHTOP
605,38388531,THOC5
606,38388531,THOC6
607,38388531,THOC5
608,38388531,THOC5
609,38388531,THOC6
610,38388531,THOC6
611,38388531,THOC6
612,38388531,THOC6
613,38388531,THOC6
614,38388531,THOC6
615,38388531,THOC6
616,38388531,THOC7
617,38388531,THOC6
618,38388531,THOC5
619,38388531,THOC6
620,38388531,THOC6
621,38388531,THOC5
622,38388531,THOC6
623,38388531,THOC5
624,38388531,THOC6
625,38388531,THOC6
626,38388531,THOC5
627,38388531,THOC6
628,38388531,ALYREF
629,38388531,THOC6
630,38388531,ALYREF
631,38388531,THOC2
632,38388531,THOC1
633,38388531,THOC5
634,38388531,THOC6
635,38388531,POU2F2
636,38388531,MAPK15
637,38388531,POU2F2
638,38388531,THOC6
639,38388531,ASG
640,38388531,THOC6
641,38388531,THOC6
642,38388531,THOC6
643,38388531,THOC6
644,38388531,THOC6
645,38388531,THOC6
646,38388531,THOC6
647,38388531,THOC6
648,38388531,THOC6
649,38388531,THOC6
650,38388531,THOC6
651,38388531,THOC6
652,38388531,THOC6
653,38388531,THOC6
654,38388531,THOC6
655,38388531,THOC6
656,38388531,THOC6
657,38388531,MEG3
658,38388531,THOC6
659,38388531,MEG3
660,38388531,MEG3
661,38388531,B-actin
662,38388531,ASG
663,38388531,THOC6
664,38388531,THOC6
665,38388531,SE
666,38388531,THOC6
667,38388531,THOC6
668,38388531,THOC6
669,38388531,THOC6
670,38388531,THOC6
671,38388531,THOC6
672,38388531,THOC6
673,38388531,MEG3
674,38388531,THOC6
675,38388531,PI3K
676,38388531,AKT
677,38388531,TGF-beta
678,38388531,PI3K
679,38388531,AKT
680,38388531,mTOR
681,38388531,PI3K
682,38388531,AKT
683,38388531,mTOR
684,38388531,HAPLN1
685,38388531,MYC
686,38388531,BMPR1B
687,38388531,DCN
688,38388531,FBN1
689,38388531,INHBA
690,38388531,ID4
691,38388531,THBS1
692,38388531,TGFB2
693,38388531,TGF-beta
694,38388531,TGF-beta
695,38388531,OCT4
696,38388531,PAX6
697,38388531,mTOR
698,38388531,TGF-beta
699,38388531,THOC6
700,38388531,MEG3
701,38388531,MEG3
702,38388531,MEG3
703,38388531,TGF-beta
704,38388531,TGF-beta
705,38388531,THOC6
706,38388531,WNT7A
707,38388531,TP53
708,38388531,OCT4
709,38388531,TGF-beta
710,38388531,HAPLN1
711,38388531,CEMIP
712,38388531,DKK2
713,38388531,THOC6
714,38388531,THOC6
715,38388531,N-Cadherin
716,38388531,caspase-3
717,38388531,DCX
718,38388531,DCX
719,38388531,THOC6
720,38388531,THOC6
721,38388531,ALYREF
722,38388531,ALYREF
723,38388531,THOC6
724,38388531,THOC6
725,38388531,N-cadherin
726,38388531,THOC6
727,38388531,caspase-3
728,38388531,THOC6
729,38388531,doublecortin
730,38388531,DCX
731,38388531,OCT4
732,38388531,DCX
733,38388531,THOC6
734,38388531,Thoc6
735,38388531,Thoc6
736,38388531,THOC6
737,38388531,beta-actin
738,38388531,Thoc6
739,38388531,Thoc6
740,38388531,PAX6
741,38388531,Thoc6
742,38388531,Thoc6
743,38388531,Thoc6
744,38388531,Thoc6
745,38388531,Thoc6
746,38388531,Thoc6
747,38388531,Thoc6
748,38388531,THOC6
749,38388531,THOC6
750,38388531,Thoc6
751,38388531,Thoc6
752,38388531,PAX6
753,38388531,Thoc6
754,38388531,Thoc6
755,38388531,Thoc6
756,38388531,THOC6
757,38388531,THOC6
758,38388531,Fam214b
759,38388531,Thoc6
760,38388531,Fam214b
761,38388531,Thoc6
762,38388531,Wnt7a
763,38388531,Islr2
764,38388531,Ier3
765,38388531,Kcnt2
766,38388531,Thoc6
767,38388531,Thoc6
768,38388531,Thoc6
769,38388531,Thoc6
770,38388531,Wnt7a
771,38388531,Islr2
772,38388531,Kcnt2
773,38388531,Thoc6
774,38388531,Thoc6
775,38388531,THOC6
776,38388531,THOC6
777,38388531,Fam214b
778,38388531,THOC6
779,38388531,THOC6
780,38388531,Thoc6
781,38388531,THOC6
782,38388531,THOC6
783,38388531,Thoc6
784,38388531,Thoc6
785,38388531,Thoc6
786,38388531,Ier3
787,38388531,Islr2
788,38388531,Wnt7a
789,38388531,Kcnt2
790,38388531,Vegfa
791,38388531,Thoc6
792,38388531,THOC6
793,38388531,THOC6
794,38388531,THOC6
795,38388531,THOC6
796,38388531,THOC6
797,38388531,THOC6
798,38388531,Thoc6
799,38388531,THOC6
800,38388531,THOC6
801,38388531,THOC6
802,38388531,THOC6
803,38388531,THOC6
804,38388531,THOC6
805,38388531,THOC6
806,38388531,THOC6
807,38388531,THOC6
808,38388531,THOC6
809,38388531,THOC6
810,38388531,THOC6
811,38388531,THOC6
812,38388531,THOC6
813,38388531,THOC6
814,38388531,Thoc6
815,38388531,THOC6
816,38388531,THOC6
817,38388531,THOC6
818,38388531,THOC6
819,38388531,THOC6
820,38388531,THOC6
821,38388531,THOC6
822,38388531,THOC6
823,38388531,THOC6
824,38388531,UAP56
825,38388531,ALYREF
826,38388531,THOC6
827,38388531,THOC5
828,38388531,ALYREF
829,38388531,THOC6
830,38388531,ALYREF
831,38388531,UAP56
832,38388531,THOC6
833,38388531,THOC6
834,38388531,THOC6
835,38388531,THOC6
836,38388531,TGF-beta
837,38388531,MEG3
838,38388531,MEG3
839,38388531,TGF-beta
840,38388531,EZH2
841,38388531,MEG3
842,38388531,beta-catenin
843,38388531,MEG3
844,38388531,CREB
845,38388531,Thoc5
846,38388531,Thoc6
847,38388531,THOC6
848,38388531,Thoc6
849,38388531,THOC6
850,38388531,THOC6
851,38388531,NANOG
852,38388531,LIN28
853,38388531,THOC6
854,38388531,THOC6
855,38388531,THOC6
856,38388531,THOC6
857,38388531,bFGF
858,38388531,bFGF
859,38388531,bFGF
860,38388531,Thoc6
861,38388531,Thoc6
862,38388531,THOC5
863,38388531,THOC6
864,38388531,THOC6
865,38388531,THOC1
866,38388531,THOC2
867,38388531,THOC5
868,38388531,ALYREF
869,38388531,CHTOP
870,38388531,HAPLN1
871,38388531,CEMIP
872,38388531,WNT7A
873,38388531,DKK2
874,38388531,TP53
875,38388531,beta-actin
876,38388531,caspase-3
877,38388531,N-Cadherin
878,38388531,DCX
879,38388531,CTIP2
880,38388531,PAX6
881,38388531,SOX1
882,38388531,MEG3
883,38388531,RNA-binding protein
884,38388531,THOC6
885,38388531,FOS
886,38388531,GAPDH
887,38388531,MEG3
888,38388531,GAPDH
889,38388531,GAPDH
890,38388531,FOS
891,38388531,MEG3
892,38388531,THOC6
893,38388531,THOC6
894,38388531,THOC6
895,38388531,THOC6
896,38388531,GAPDH
897,38388531,FOS
898,38388531,THOC6
899,38388531,THOC6
900,38388531,THOC6
901,38388531,THOC6
902,38388531,THOC6
903,38388531,THOC6
904,38388531,THOC6
905,38388531,THOC6
906,38388531,UAP56
907,38388531,THOC2
908,38388531,UAP56
909,38388531,UAP56
910,38388531,THOC6
911,38388531,mTOR
912,38388531,TGF-beta
913,38388531,Wnt7a
914,38388531,beta-catenin
915,38388531,TGF-beta
916,38388531,MEG3
917,38388531,THOC6
918,38388531,THOC5
919,38388531,Thoc5
920,38388531,Thoc5
921,38388531,THOC5
922,38388531,THOC5
923,38388531,UAP56
924,38388531,UIF
925,38388531,Chtop
926,38388531,Chtop
927,38388531,MEG3
928,38388531,MEG3
929,38260655,C9orf72
930,38260655,SOD1
931,38260655,TDP43
932,37803141,GluN2A
933,37803141,HSP70
934,37803141,BiP
935,37803141,binding immunoglobulin protein
936,37803141,IRE1
937,36123820,CFIm
938,36123820,RNA binding protein
939,36123820,RBP
940,36123820,Dcc
941,36123820,Nova2
942,36123820,Reelin
943,36123820,Dab1
944,36123820,protocadherins
945,36123820,protocadherins
946,36123820,Camk2a
947,36123820,Psd95
948,36123820,BAK
949,36123820,BCL-2
950,36123820,PTBP1
951,36123820,CHRNG
952,36123820,KCNMA1
953,36123820,GSS
954,36123820,GFPT1
955,36123820,AACS
956,36123820,Sortilin
957,36123820,DNCH1
958,36123820,CLTB
959,36123820,CACNB2
960,36123820,KCNJ9
961,36123820,ATP6V0A1
962,36123820,PDHB
963,36123820,EIF2B3/
964,36123820,SHMT1
965,36123820,TRIM3
966,36123820,HSPA2
967,36123820,HIF1alpha
968,36123820,TNF-alpha
969,36123820,RBP
970,36123820,Rho
971,36123820,CDC42
972,36123820,CDC42
973,36123820,CDC42
974,36123820,ADD1
975,36123820,ANK2
976,36123820,ANK3
977,36123820,Disabled-1
978,36123820,DAB1
979,36123820,DAB1
980,36123820,NOVA2
981,36123820,Deleted in Colorectal Cancer
982,36123820,DCC
983,36123820,DCC
984,36123820,NOVA2
985,36123820,KIF21A
986,36123820,Synaptosomal Protein-25
987,36123820,SNAP25
988,36123820,SNAP25
989,36123820,RBFOX1
990,36123820,SNARE
991,36123820,Post-Synaptic Density Protein-95
992,36123820,PSD-95
993,36123820,DLG4
994,36123820,DLG4
995,36123820,PSD-95
996,36123820,Apbb1
997,36123820,Kat5
998,36123820,Nrxn3
999,36123820,Nlgn2
1000,36123820,Reelin
1001,36123820,Pcdhb16
1002,36123820,Pcdhb16
1003,36123820,Protocadherins
1004,36123820,PTBP2
1005,36123820,STAR
1006,36123820,RBP
1007,36123820,Camk2a
1008,36123820,MECP2
1009,36123820,MECP2
1010,36123820,MECP2-L
1011,36123820,MECP2-L
1012,36123820,TIA1
1013,36123820,ELAVL3
1014,36123820,HuC.
1015,36123820,RBP
1016,36123820,BDNF
1017,36123820,CAMK2A
1018,36123820,brain-derived neurotrophic factor
1019,36123820,BDNF
1020,36123820,BDNF
1021,36123820,CDC42
1022,36123820,RBP
1023,36123820,Cugbp2
1024,36123820,Slc8a1
1025,36123820,NOVA2
1026,36123820,DAB1
1027,36123820,Reelin
1028,36123820,PTBP1
1029,36123820,PTBP2
1030,36123820,Kif21a
1031,36123820,Clip2
1032,36123820,PTBP2
1033,36123820,PTBP1
1034,36123820,PTBP1
1035,36123820,PTBP1
1036,36123820,PTBP1
1037,36123820,PTBP2
1038,36123820,PTBP2
1039,36123820,Dst
1040,36123820,Ktn1
1041,36123820,Mprip
1042,36123820,Ntrk2
1043,36123820,Grin1
1044,36123820,PTBP2
1045,36123820,SHOOTIN1
1046,36123820,SHTN1
1047,36123820,SHTN1
1048,36123820,SHTN1
1049,36123820,Elavl2
1050,36123820,Elavl3
1051,36123820,Elavl4
1052,36123820,ELAVL1
1053,36123820,HuR
1054,36123820,ELAVL3
1055,36123820,HuC
1056,36123820,AnkyrinG
1057,36123820,ANK3
1058,36123820,C9orf72
1059,36123820,SOD1
1060,36123820,FUS
1061,36123820,TARDBP
1062,36123820,TARDBP
1063,36123820,TDP-43
1064,36123820,TDP-43
1065,36123820,TDP-43
1066,36123820,TDP-43
1067,36123820,nucleoporin
1068,36123820,NUP
1069,36123820,Ptbp1
1070,36123820,Pabpc4
1071,36123820,Cstf2
1072,36123820,TDP-43
1073,36123820,Stathmin-2
1074,36123820,STMN2
1075,36123820,STMN2
1076,36123820,STMN2
1077,36123820,STMN2
1078,36123820,STMN2
1079,36123820,hnRNPA1
1080,36123820,hnRNPA2B1
1081,36123820,TIA1
1082,36123820,Tau
1083,36123820,PSEN1
1084,36123820,Abeta42
1085,36123820,PTBP2
1086,36123820,NOVA1
1087,36123820,NUDT21
1088,36123820,GABBR1
1089,36123820,KCNMA1
1090,36123820,NRXN3
1091,36123820,SNAP25
1092,36123820,TDP-43
1093,36123820,EWSR1
1094,36123820,CLP1
1095,36123820,alpha-synuclein
1096,36123820,LRRK2
1097,36123820,LRPPRC
1098,36123820,PINK1
1099,36123820,alpha-synuclein
1100,36123820,CASK
1101,36123820,RELN
1102,36123820,ANK2
1103,36123820,CLASP2
1104,36123820,NUDT21
1105,36123820,CFIm25
1106,36123820,MECP2
1107,36123820,annexin A7
1108,36123820,ANXA7
1109,36123820,PTBP1
1110,36123820,CFIm25
1111,36123820,PCF11
1112,36123820,Huntingtin
1113,36123820,HTT
1114,36123820,HTT
1115,36123820,HTT
1116,36123820,HTT
1117,36123820,HTT
1118,36123820,MBNL1
1119,36123820,RBP
1120,36123820,EXOSC3
1121,36123820,EXOSC8
1122,36123820,EXOSC9
1123,36123820,EXOSC1
1124,36123820,PCH1
1125,36123820,AUF1
1126,36123820,TTP
1127,36123820,KSRP
1128,36123820,SKI2W
1129,36123820,MTR4
1130,36123820,p53
1131,36123820,PCH1
1132,36123820,CLP1
1133,36123820,CLP1
1134,36123820,PCF11
1135,36123820,CFIm68
1136,36123820,CPSF100
1137,36123820,CstF64
1138,36123820,CLP1
1139,36123820,MECP2
1140,36123820,methyl-CpG-binding protein 2
1141,36123820,MECP2
1142,36123820,MECP2
1143,36123820,MECP2
1144,36123820,DHX9
1145,36123820,LEDGF
1146,36123820,Gria2
1147,36123820,MECP2
1148,36123820,Dcc
1149,36123820,Cntn4
1150,36123820,Dlgap2
1151,36123820,Kcnj2
1152,36123820,Gabrd
1153,36123820,Scn1a
1154,36123820,SMN1
1155,36123820,EAAT2
1156,36123820,EAAT2
1157,36123820,TDP-43
1158,36123820,PCH1
1159,36123820,HuC
1160,36123820,methyl-CpG-binding protein 2
1161,36123820,MECP2
1162,36123820,BDNF
1163,36123820,Huntingtin
1164,36123820,C9orf72
1165,36123820,ELAVL2
1166,36123820,FUS
1167,36123820,TDP-43
1168,36123820,EXOSC8
1169,36123820,EXOSC9
1170,36123820,SMN1
1171,36123820,MeCP2
1172,36123820,Cdc42
1173,36123820,TDP-43
1174,36123820,Abeta42
1175,36123820,KIF21A
1176,36123820,Huntingtin
1177,36123820,EXOSC9
1178,36123820,A2BP1
1179,36123820,Rbfox1
1180,36123820,NUDT21
1181,36123820,MeCP2
1182,36123820,TDP-43
1183,36123820,tau
1184,36123820,CSTF2
1185,36123820,Stmn2
1186,36123820,RBFOX1
1187,36123820,Huntingtin
1188,36123820,tau
1189,36123820,TARDBP
1190,36123820,CLP1
1191,36123820,STMN2
1192,36123820,TDP-43
1193,36123820,MeCP2
1194,36123820,FUS
1195,36123820,TDP-43
1196,36123820,brain-derived neurotrophic factor
1197,36123820,BDNF
1198,36123820,Protocadherins
1199,36123820,Dcc
1200,36123820,PTBP2
1201,36123820,Ptbp2
1202,36123820,EAAT2
1203,36123820,TDP-43
1204,36123820,MBNL1
1205,36123820,Huntingtin
1206,36123820,HuR
1207,36123820,CFIm25
1208,36123820,stathmin-2
1209,36123820,TDP-43
1210,36123820,MECP2
1211,36123820,Clp1
1212,36123820,MeCP2
1213,36123820,Huntingtin
1214,36123820,HuR
1215,36123820,p53
1216,36123820,SNARE
1217,36123820,TDP-43
1218,36123820,Elavl3
1219,36123820,AnkyrinG
1220,36123820,PCF11
1221,36123820,TDP-43
1222,36123820,Mecp2
1223,36123820,Protocadherins
1224,36123820,TDP-43
1225,36123820,FUS
1226,36123820,TDP-43
1227,36123820,alpha-synuclein
1228,36123820,MECP2
1229,36123820,Huntingtin
1230,36123820,NOVA2
1231,36123820,CLP1
1232,36123820,MBNL1
1233,36123820,rbFOX1
1234,36123820,Reelin
1235,36123820,MeCP2
1236,36123820,TDP-43
1237,36123820,Methyl-CpG-Binding Protein 2
1238,36123820,Bak
1239,36123820,Bcl-2
1240,36123820,Rho
1241,36123820,FMR1
1242,36123820,FMR1
1243,36123820,TDP-43
1244,36123820,TARDBP
1245,36123820,TDP-43
1246,36123820,KIF21A
1247,36123820,PTBP2
1248,36123820,PTBP1
1249,36123820,EXOSC3
1250,36123820,Disabled-1
1251,36123820,Nova2
1252,36123820,MeCP2
1253,36123820,MeCP2
1254,36123820,Disabled-1
1255,36123820,PTBP2
1256,36123820,PSD-95
1257,36123820,PTBP2
1258,36123820,PTBP1
1259,36123820,RNA binding protein
1260,36123820,RBP
1261,36123820,MECP2
1262,36123820,FMR1
1263,36123820,SRRM4
1264,36123820,MECP2
1265,36123820,FMR1
1266,36123820,CPEB4
1267,36123820,A2BP1
1268,36123820,TIA1
1269,36123820,C9ORF72
1270,36123820,CSTF2
1271,36123820,RBP
1272,36123820,RBP
1273,36123820,RBP
1274,36123820,RBP
1275,36123820,RBP
1276,36123820,RBP
1277,36123820,NUDT21
1278,36123820,SMN1
1279,36123820,PCF11
1280,36123820,EXOSC1
1281,36123820,PTBP1
1282,36123820,FUS
1283,36123820,PSEN1
1284,36123820,NOVA2
1285,36123820,CLP1
1286,36123820,NOVA1
1287,36123820,TDP-43
1288,36123820,RBFOX1
1289,36123820,hnRNPA1
1290,36123820,HTT
1291,36123820,LRRK2
1292,36123820,CFIm25
1293,36123820,RBP
1294,36123820,RNA binding protein
